0,*,*,*,<random>#Newline            <li>Disculpa pero no comprendo tu pregunta pero Puedo hablarte de los productos Soaint si quieres?</li>#Newline            <li>Disculpa pero no comprendo tu pregunta aunque Puedo darte informacion acerca de Arquitectura Empresarial?</li>#Newline            <li>Disculpa pero no comprendo la pregunta pero Puedo darte informacion acerca de RPA?</li>#Newline            <li>Puedo darte informacion acerca de Microservicios? es que no comprendo tu pregunta</li>#Newline            <li>Puedo darte informacion acerca de BPM?  es que no comprendo tu pregunta</li>#Newline            <li>Puedo darte informacion acerca de Oracle? es que no comprendo tu pregunta</li>#Newline            <li>Puedo darte informacion acerca de Gestion Documental? es que no comprendo tu pregunta</li>#Newline            <li>Puedo darte informacion acerca de Customer Experience? es que no comprendo tu pregunta</li>#Newline            <li>Puedo darte informacion acerca de Proteccion contra el Fraude? es que no comprendo tu pregunta</li>#Newline            <li>Puedo darte informacion acerca de SOADOC? es que no comprendo tu pregunta</li>#Newline            <li>Puedo darte informacion acerca de SOA? es que no comprendo tu pregunta</li>#Newline            <li>Puedo darte informacion acerca de ESB? es que no comprendo tu pregunta</li>#Newline            <li>Puedo darte informacion acerca de API? es que no comprendo tu pregunta</li>#Newline            <li>No comprendo la pregunta sin embargo Puedo darte informacion acerca de Transformacion Digital?</li>#Newline          </random>,soaint.aiml
0,QUIERO HABLAR CON *,*,*,Puedes ponerte en contacto con nuestro departamento de Mercadeo y Ventas a traves de nuestra pagina web y con gusto te atenderemos.#Newline      		<a href="https://soaint.com/contacto/" target="_blank">https://soaint.com/contacto/</a>#Newline              <think><set name="it"><set name="topic"><set name="want">para hablar con <star/> www.soaint.com</set></set></set></think>,soaint.aiml
0,DIRECCION,*,*,Puede contactar a SOAINT en www.soaint.com,soaint.aiml
0,_ DIRECCION *,*,*,Puede contactar a SOAINT en www.soaint.com,soaint.aiml
0,_ DIRECCION,*,*,Puede contactar a SOAINT en www.soaint.com,soaint.aiml
0,DIRECCION *,*,*,Puede contactar a SOAINT en www.soaint.com,soaint.aiml
0,DIRECCIÓN,*,*,Puede contactar a SOAINT en www.soaint.com,soaint.aiml
0,_ DIRECCIÓN *,*,*,Puede contactar a SOAINT en www.soaint.com,soaint.aiml
0,_ DIRECCIÓN,*,*,Puede contactar a SOAINT en www.soaint.com,soaint.aiml
0,DIRECCIÓN *,*,*,Puede contactar a SOAINT en www.soaint.com,soaint.aiml
0,QUE ES UN BUEN SITIO WEB,*,*,Un buen sitio web es WWW.SOAINT.COM#Comma pero parece que ya estás aquí. Por qué preguntas?#Newline		<think><set name="it"><set name="topic">buen sitio web</set></set></think>,soaint.aiml
0,QUE ES UN BUEN SITIO WEB *,*,*,Un buen sitio web es WWW.SOAINT.COM#Comma pero parece que ya estás aquí. Por qué preguntas?#Newline		<think><set name="it"><set name="topic">buen sitio web</set></set></think>,soaint.aiml
0,_ QUE ES UN BUEN SITIO WEB,*,*,Un buen sitio web es WWW.SOAINT.COM#Comma pero parece que ya estás aquí. Por qué preguntas?#Newline		<think><set name="it"><set name="topic">buen sitio web</set></set></think>,soaint.aiml
0,_ QUE ES UN BUEN SITIO WEB *,*,*,Un buen sitio web es WWW.SOAINT.COM#Comma pero parece que ya estás aquí. Por qué preguntas?#Newline		<think><set name="it"><set name="topic">buen sitio web</set></set></think>,soaint.aiml
0,QUÉ ES UN BUEN SITIO WEB,*,*,Un buen sitio web es WWW.SOAINT.COM#Comma pero parece que ya estás aquí. Por qué preguntas?#Newline		<think><set name="it"><set name="topic">buen sitio web</set></set></think>,soaint.aiml
0,QUÉ ES UN BUEN SITIO WEB *,*,*,Un buen sitio web es WWW.SOAINT.COM#Comma pero parece que ya estás aquí. Por qué preguntas?#Newline		<think><set name="it"><set name="topic">buen sitio web</set></set></think>,soaint.aiml
0,_ QUÉ ES UN BUEN SITIO WEB,*,*,Un buen sitio web es WWW.SOAINT.COM#Comma pero parece que ya estás aquí. Por qué preguntas?#Newline		<think><set name="it"><set name="topic">buen sitio web</set></set></think>,soaint.aiml
0,_ QUÉ ES UN BUEN SITIO WEB *,*,*,Un buen sitio web es WWW.SOAINT.COM#Comma pero parece que ya estás aquí. Por qué preguntas?#Newline		<think><set name="it"><set name="topic">buen sitio web</set></set></think>,soaint.aiml
0,CHILE,*,*,Chile es un hermoso Pais.#Newline            <br/>#Newline      		Contamos con una Surcursal en Chile#Comma#Newline      	    Santiago: +56 4 4235 0560#Newline      	    <br/>#Newline      	    contacto@soaint.com#Newline            <br/>#Newline                <a href="https://soaint.com/" target="_blank">Soaint.com</a>#Newline            <br/>#Newline            Cuentame#Comma En que podemos ayudarte? Ofrecemos información de nuestros servicios#Comma a través de nuestros contactos,soaint.aiml
0,COLOMBIA,*,*,Colombia es un hermoso Pais.#Newline            <br/>#Newline      		Contamos con una Surcursal en Colombia#Comma#Newline      	    Bogotá +57 1 745 1556#Newline      	    <br/>#Newline      	    contacto@soaint.com#Newline            <br/>#Newline                <a href="https://soaint.com/" target="_blank">Soaint.com</a>#Newline            <br/>#Newline            Cuentame#Comma En que podemos ayudarte? Ofrecemos información de nuestros servicios#Comma a través de nuestros contactos,soaint.aiml
0,COSTA RICA,*,*,Costa Rica es un hermoso Pais.#Newline            <br/>#Newline      		Contamos con una Surcursal en Costa Rica#Comma#Newline      	    San José#Newline      	    <br/>#Newline      	    contacto@soaint.com#Newline            <br/>#Newline                <a href="https://soaint.com/" target="_blank">Soaint.com</a>#Newline            <br/>#Newline            Cuentame#Comma En que podemos ayudarte? Ofrecemos información de nuestros servicios#Comma a través de nuestros contactos,soaint.aiml
0,ECUADOR,*,*,Ecuador es un hermoso Pais.#Newline            <br/>#Newline      		Contamos con una Surcursal en Ecuador#Comma#Newline      	    Quito +53 2 333 3443#Newline      	    <br/>#Newline      	    contacto@soaint.com#Newline            <br/>#Newline                <a href="https://soaint.com/" target="_blank">Soaint.com</a>#Newline            <br/>#Newline            Cuentame#Comma En que podemos ayudarte? Ofrecemos información de nuestros servicios#Comma a través de nuestros contactos,soaint.aiml
0,ESPAÑA,*,*,España es un hermoso Pais.#Newline            <br/>#Newline      		Contamos con una Surcursal en España#Comma#Newline      	     Madrid +34 91 458 91 59  contacto@soaint.com#Newline      	    <br/>#Newline      	    contacto@soaint.com#Newline            <br/>#Newline                <a href="https://soaint.com/" target="_blank">Soaint.com</a>#Newline            <br/>#Newline            Cuentame#Comma En que podemos ayudarte? Ofrecemos información de nuestros servicios#Comma a través de nuestros contactos,soaint.aiml
0,MÉXICO,*,*,México es un hermoso Pais.#Newline            <br/>#Newline      		Contamos con una Surcursal en México#Comma#Newline      	    D.F. +52 55 6363 4218#Newline      	    <br/>#Newline      	    contacto@soaint.com#Newline            <br/>#Newline                <a href="https://soaint.com/" target="_blank">Soaint.com</a>#Newline            <br/>#Newline            Cuentame#Comma En que podemos ayudarte? Ofrecemos información de nuestros servicios#Comma a través de nuestros contactos,soaint.aiml
0,MEXICO,*,*,Mexico es un hermoso Pais.#Newline            <br/>#Newline      		Contamos con una Surcursal en Mexico#Comma#Newline      	    D.F. +52 55 6363 4218#Newline      	    <br/>#Newline      	    contacto@soaint.com#Newline            <br/>#Newline                <a href="https://soaint.com/" target="_blank">Soaint.com</a>#Newline            <br/>#Newline            Cuentame#Comma En que podemos ayudarte? Ofrecemos información de nuestros servicios#Comma a través de nuestros contactos,soaint.aiml
0,PANAMÁ,*,*,Panamá es un hermoso Pais.#Newline            <br/>#Newline      		Contamos con una Surcursal en Panamá#Comma#Newline      	    +507 393 9252#Newline      	    <br/>#Newline      	    contacto@soaint.com#Newline            <br/>#Newline                <a href="https://soaint.com/" target="_blank">Soaint.com</a>#Newline            <br/>#Newline            Cuentame#Comma En que podemos ayudarte? Ofrecemos información de nuestros servicios#Comma a través de nuestros contactos,soaint.aiml
0,PANAMA,*,*,Panama es un hermoso Pais.#Newline            <br/>#Newline      		Contamos con una Surcursal en Panama#Comma#Newline      	    +507 393 9252#Newline      	    <br/>#Newline      	    contacto@soaint.com#Newline            <br/>#Newline                <a href="https://soaint.com/" target="_blank">Soaint.com</a>#Newline            <br/>#Newline            Cuentame#Comma En que podemos ayudarte? Ofrecemos información de nuestros servicios#Comma a través de nuestros contactos,soaint.aiml
0,VENEZUELA,*,*,Venezuela es un hermoso Pais.#Newline             <br/>#Newline       		Contamos con una Surcursal en Venezuela#Comma#Newline       	    Caracas +58 212 761 6397#Newline       	    <br/>#Newline       	    contacto@soaint.com#Newline             <br/>#Newline                 <a href="https://soaint.com/" target="_blank">Soaint.com</a>#Newline             <br/>#Newline             Cuentame#Comma En que podemos ayudarte? Ofrecemos información de nuestros servicios#Comma a través de nuestros contactos,soaint.aiml
0,NO,QUIERES CONOCER EL ESQUEMA DE SOAINT,*,Fue un placer hablar contigo,soaint.aiml
0,SI,QUIERES CONOCER EL ESQUEMA DE SOAINT,*,SOAINT ofrece soluciones orientadas a diferentes industria con este esquema: Banca#Comma Seguros#Comma Retail#Comma Universidades#Comma Sector Publico#Comma Viajes#Comma Telco#Comma Salud.,soaint.aiml
0,*,QUIERES CONOCER EL ESQUEMA DE SOAINT,*,La pregunta es si quieres conocer nuestro esquema,soaint.aiml
0,SI,LA PREGUNTA ES SI QUIERES CONOCER NUESTRO ESQUEMA,*,SOAINT ofrece soluciones orientadas a diferentes industria con este esquema: Banca#Comma Seguros#Comma Retail#Comma Universidades#Comma Sector Publico#Comma Viajes#Comma Telco#Comma Salud.,soaint.aiml
0,NO,DESEAS CONOCER DE NUESTRA EMPRESA O SERVICIOS? POR FAVOR ESCRIBA: EMPRESA O SERVICIOS,*,Esta bien#Comma fue un placer hablar contigo,soaint.aiml
0,SI,DESEAS CONOCER DE NUESTRA EMPRESA O SERVICIOS? POR FAVOR ESCRIBA: EMPRESA O SERVICIOS,*,SOAINT es tu mejor asesor tecnologico expertos en transformacion digital. Nuestra empresa puede apoyarte en Automatizacion y Customer Experience,soaint.aiml
0,EMPRESA,DESEAS CONOCER DE NUESTRA EMPRESA O SERVICIOS? POR FAVOR ESCRIBA: EMPRESA O SERVICIOS,*,SOAINT es tu mejor asesor tecnologico expertos en transformacion digital#Comma para mas informacion visitanos,soaint.aiml
0,SOAINT,SI DESEAS CONOCER DE NUESTRA EMPRESA O SERVICIOS, POR FAVOR ESCRIBA: EMPRESA O SERVICIOS,*,SOAINT es tu mejor asesor tecnologico expertos en transformacion digital#Comma para mas informacion visitanos,soaint.aiml
0,EMPRESA *,*,*,SOAINT es tu mejor asesor tecnologico expertos en transformacion digital.,soaint.aiml
0,_ EMPRESA *,*,*,SOAINT es tu mejor asesor tecnologico expertos en transformacion digital.,soaint.aiml
0,_ EMPRESA,*,*,SOAINT es tu mejor asesor tecnologico expertos en transformacion digital.,soaint.aiml
0,SERVICIOS,DESEAS CONOCER DE NUESTRA EMPRESA O SERVICIOS? POR FAVOR ESCRIBA: EMPRESA O SERVICIOS,*,Ofrecemos los siguientes servicios: <br/>#Newline                         		-Automatizacion.<br/>#Newline                         		-Customer Experience.<br/>#Newline                         		-Arquitectura Empresarial.<br/>#Newline                         		-Seguridad. <br/>#Newline                         		-Gestion Documental.<br/>#Newline                         		-Agile Integration.<br/>#Newline                         		Por favor escriba algunos de ellos.,soaint.aiml
0,SERVICIOS,*,*,Ofrecemos los siguientes servicios: <br/>#Newline           		-Automatizacion.<br/>#Newline           		-Customer Experience.<br/>#Newline           		-Arquitectura Empresarial.<br/>#Newline           		-Seguridad. <br/>#Newline           		-Gestion Documental.<br/>#Newline           		-Agile Integration.<br/>#Newline           		Por favor escriba algunos de ellos.,soaint.aiml
0,SERVICIO,DESEAS CONOCER DE NUESTRA EMPRESA O SERVICIOS? POR FAVOR ESCRIBA: EMPRESA O SERVICIOS,*,Ofrecemos los siguientes servicios: <br/>#Newline           		-Automatizacion.<br/>#Newline           		-Customer Experience.<br/>#Newline           		-Arquitectura Empresarial.<br/>#Newline           		-Seguridad. <br/>#Newline           		-Gestion Documental.<br/>#Newline           		-Agile Integration.<br/>#Newline           		Por favor escriba algunos de ellos.,soaint.aiml
0,SERVICIO,*,*,Ofrecemos los siguientes servicios: <br/>#Newline           		-Basico.<br/>#Newline           		-Customer Experience.<br/>#Newline           		-Arquitectura Empresarial.<br/>#Newline           		-Seguridad. <br/>#Newline           		-Gestion Documental.<br/>#Newline           		-Agile Integration.<br/>#Newline           		Por favor escriba algunos de ellos.,soaint.aiml
0,SERVICIOS *,*,*,Ofrecemos los siguientes servicios: <br/>#Newline           		-Basico.<br/>#Newline           		-Customer Experience.<br/>#Newline           		-Arquitectura Empresarial.<br/>#Newline           		-Seguridad. <br/>#Newline           		-Gestion Documental.<br/>#Newline           		-Agile Integration.<br/>#Newline           		Por favor escriba algunos de ellos.,soaint.aiml
0,SERVICIO *,*,*,Ofrecemos los siguientes servicios: <br/>#Newline           		-Basico.<br/>#Newline           		-Customer Experience.<br/>#Newline           		-Arquitectura Empresarial.<br/>#Newline           		-Seguridad. <br/>#Newline           		-Gestion Documental.<br/>#Newline           		-Agile Integration.<br/>#Newline           		Por favor escriba algunos de ellos.,soaint.aiml
0,_ SERVICIOS *,*,*,Ofrecemos los siguientes servicios: <br/>#Newline           		-Basico.<br/>#Newline           		-Customer Experience.<br/>#Newline           		-Arquitectura Empresarial.<br/>#Newline           		-Seguridad. <br/>#Newline           		-Gestion Documental.<br/>#Newline           		-Agile Integration.<br/>#Newline           		Por favor escriba algunos de ellos.,soaint.aiml
0,_ SERVICIO *,*,*,Ofrecemos los siguientes servicios: <br/>#Newline           		-Basico.<br/>#Newline           		-Customer Experience.<br/>#Newline           		-Arquitectura Empresarial.<br/>#Newline           		-Seguridad. <br/>#Newline           		-Gestion Documental.<br/>#Newline           		-Agile Integration.<br/>#Newline           		Por favor escriba algunos de ellos.,soaint.aiml
0,_ SERVICIOS,*,*,Ofrecemos los siguientes servicios: <br/>#Newline           		-Basico.<br/>#Newline           		-Customer Experience.<br/>#Newline           		-Arquitectura Empresarial.<br/>#Newline           		-Seguridad. <br/>#Newline           		-Gestion Documental.<br/>#Newline           		-Agile Integration.<br/>#Newline           		Por favor escriba algunos de ellos.,soaint.aiml
0,_ SERVICIO,*,*,Ofrecemos los siguientes servicios: <br/>#Newline           		-Basico.<br/>#Newline           		-Customer Experience.<br/>#Newline           		-Arquitectura Empresarial.<br/>#Newline           		-Seguridad. <br/>#Newline           		-Gestion Documental.<br/>#Newline           		-Agile Integration.<br/>#Newline           		Por favor escriba algunos de ellos.,soaint.aiml
0,AUTOMATIZACIÓN,*,*,Sistematiza los procesos de negocio o documentales empleando herramientas tecnologicas como: BPMS#Comma RPA#Comma BRMS y Gestores de Casos.#Newline         		Mas informacion en:#Newline         		<a href="https://soaint.com/automatizacion/" target="_blank"><br/><br/>Haz Click Aqui</a>,soaint.aiml
0,AUTOMATIZACIÓN *,*,*,Sistematiza los procesos de negocio o documentales empleando herramientas tecnologicas como: BPMS#Comma RPA#Comma BRMS y Gestores de Casos.#Newline         		Mas informacion en:#Newline         		<a href="https://soaint.com/automatizacion/" target="_blank"><br/><br/>Haz Click Aqui</a>,soaint.aiml
0,_ AUTOMATIZACIÓN *,*,*,Sistematiza los procesos de negocio o documentales empleando herramientas tecnologicas como: BPMS#Comma RPA#Comma BRMS y Gestores de Casos.#Newline         		Mas informacion en:#Newline         		<a href="https://soaint.com/automatizacion/" target="_blank"><br/><br/>Haz Click Aqui</a>,soaint.aiml
0,_ AUTOMATIZACIÓN,*,*,Sistematiza los procesos de negocio o documentales empleando herramientas tecnologicas como: BPMS#Comma RPA#Comma BRMS y Gestores de Casos.#Newline         		Mas informacion en:#Newline         		<a href="https://soaint.com/automatizacion/" target="_blank"><br/><br/>Haz Click Aqui</a>,soaint.aiml
0,AUTOMATIZACION,*,*,Sistematiza los procesos de negocio o documentales empleando herramientas tecnologicas como: BPMS#Comma RPA#Comma BRMS y Gestores de Casos.#Newline         		Mas informacion en:#Newline         		<a href="https://soaint.com/automatizacion/" target="_blank"><br/><br/>Haz Click Aqui</a>,soaint.aiml
0,AUTOMATIZACION *,*,*,Sistematiza los procesos de negocio o documentales empleando herramientas tecnologicas como: BPMS#Comma RPA#Comma BRMS y Gestores de Casos.#Newline         		Mas informacion en:#Newline         		<a href="https://soaint.com/automatizacion/" target="_blank"><br/><br/>Haz Click Aqui</a>,soaint.aiml
0,_ AUTOMATIZACION *,*,*,Sistematiza los procesos de negocio o documentales empleando herramientas tecnologicas como: BPMS#Comma RPA#Comma BRMS y Gestores de Casos.#Newline         		Mas informacion en:#Newline         		<a href="https://soaint.com/automatizacion/" target="_blank"><br/><br/>Haz Click Aqui</a>,soaint.aiml
0,_ AUTOMATIZACION,*,*,Sistematiza los procesos de negocio o documentales empleando herramientas tecnologicas como: BPMS#Comma RPA#Comma BRMS y Gestores de Casos.#Newline         		Mas informacion en:#Newline         		<a href="https://soaint.com/automatizacion/" target="_blank"><br/><br/>Haz Click Aqui</a>,soaint.aiml
0,CUSTOMER EXPERIENCE,*,*,Monetizar los Procesos de Negocio de la Empresa o Entidad a traves de canales sociales y digitales#Comma mas informacion aqui:#Newline         		<a href="https://soaint.com/customer-experience" target="_blank"><br/><br/>Haz Click Aqui</a>,soaint.aiml
0,CUSTOMER EXPERIENCE *,*,*,Monetizar los Procesos de Negocio de la Empresa o Entidad a traves de canales sociales y digitales#Comma mas informacion aqui:#Newline    		<a href="https://soaint.com/customer-experience" target="_blank"><br/><br/>Haz Click Aqui</a>,soaint.aiml
0,_ CUSTOMER EXPERIENCE *,*,*,Monetizar los Procesos de Negocio de la Empresa o Entidad a traves de canales sociales y digitales#Comma mas informacion aqui:#Newline    		<a href="https://soaint.com/customer-experience" target="_blank"><br/><br/>Haz Click Aqui</a>,soaint.aiml
0,_ CUSTOMER EXPERIENCE,*,*,Monetizar los Procesos de Negocio de la Empresa o Entidad a traves de canales sociales y digitales#Comma mas informacion aqui:#Newline    		<a href="https://soaint.com/customer-experience" target="_blank"><br/><br/>Haz Click Aqui</a>,soaint.aiml
0,ARQUITECTURA EMPRESARIAL,*,*,Ofrecemos un enfoque practico de aplicacion de Arquitectura Empresarial#Comma no solo en lo tactico#Comma sino  tambien en la operativa del dia a dia de requerimientos del negocio hacia TI. Mas informacion en#Newline    		<a href="https://soaint.com/automatizacion/" target="_blank"><br/><br/>Haz Click Aqui</a>,soaint.aiml
0,ARQUITECTURA EMPRESARIAL *,*,*,Ofrecemos un enfoque practico de aplicacion de Arquitectura Empresarial#Comma no solo en lo tactico#Comma sino  tambien en la operativa del dia a dia de requerimientos del negocio hacia TI. Mas informacion en#Newline    		<a href="https://soaint.com/automatizacion/" target="_blank"><br/><br/>Haz Click Aqui</a>,soaint.aiml
0,_ ARQUITECTURA EMPRESARIAL *,*,*,Ofrecemos un enfoque practico de aplicacion de Arquitectura Empresarial#Comma no solo en lo tactico#Comma sino  tambien en la operativa del dia a dia de requerimientos del negocio hacia TI. Mas informacion en#Newline    		<a href="https://soaint.com/automatizacion/" target="_blank"><br/><br/>Haz Click Aqui</a>,soaint.aiml
0,_ ARQUITECTURA EMPRESARIAL,*,*,Ofrecemos un enfoque practico de aplicacion de Arquitectura Empresarial#Comma no solo en lo tactico#Comma sino  tambien en la operativa del dia a dia de requerimientos del negocio hacia TI. Mas informacion en#Newline    		<a href="https://soaint.com/automatizacion/" target="_blank"><br/><br/>Haz Click Aqui</a>,soaint.aiml
0,SEGURIDAD,*,*,Solucion madura que reduce el riesgo#Comma previene el fraude y facilita el cumplimiento de regulaciones gubernamentales e internacionales a traves de una plataforma altamente extensible y flexible que ofrece una proteccion contra el fraude sin igual. Mas informacion en#Newline    		<a href="https://soaint.com/seguridad/" target="_blank"><br/><br/>Haz Click Aqui</a>,soaint.aiml
0,SEGURIDAD *,*,*,Solucion madura que reduce el riesgo#Comma previene el fraude y facilita el cumplimiento de regulaciones gubernamentales e internacionales a traves de una plataforma altamente extensible y flexible que ofrece una proteccion contra el fraude sin igual. Mas informacion en#Newline    		<a href="https://soaint.com/seguridad/" target="_blank"><br/><br/>Haz Click Aqui</a>,soaint.aiml
0,_ SEGURIDAD *,*,*,Solucion madura que reduce el riesgo#Comma previene el fraude y facilita el cumplimiento de regulaciones gubernamentales e internacionales a traves de una plataforma altamente extensible y flexible que ofrece una proteccion contra el fraude sin igual. Mas informacion en#Newline    		<a href="https://soaint.com/seguridad/" target="_blank"><br/><br/>Haz Click Aqui</a>,soaint.aiml
0,_ SEGURIDAD,*,*,Solucion madura que reduce el riesgo#Comma previene el fraude y facilita el cumplimiento de regulaciones gubernamentales e internacionales a traves de una plataforma altamente extensible y flexible que ofrece una proteccion contra el fraude sin igual. Mas informacion en#Newline    		<a href="https://soaint.com/seguridad/" target="_blank"><br/><br/>Haz Click Aqui</a>,soaint.aiml
0,GESTION,*,*,Solucion para automatizar la gestion documental en la empresa. Surge de la necesidad de cubrir  las problematicas funcionales que puedes leer a continuacion a un bajo costo. Mas informacion en#Newline    		<a href="https://soaint.com/gestion-documental/" target="_blank"><br/><br/>Haz Click Aqui</a>,soaint.aiml
0,GESTION *,*,*,Solucion para automatizar la gestion documental en la empresa. Surge de la necesidad de cubrir  las problematicas funcionales que puedes leer a continuacion a un bajo costo. Mas informacion en#Newline    		<a href="https://soaint.com/gestion-documental/" target="_blank"><br/><br/>Haz Click Aqui</a>,soaint.aiml
0,_ GESTION *,*,*,Solucion para automatizar la gestion documental en la empresa. Surge de la necesidad de cubrir  las problematicas funcionales que puedes leer a continuacion a un bajo costo. Mas informacion en#Newline    		<a href="https://soaint.com/gestion-documental/" target="_blank"><br/><br/>Haz Click Aqui</a>,soaint.aiml
0,_ GESTION,*,*,Solucion para automatizar la gestion documental en la empresa. Surge de la necesidad de cubrir  las problematicas funcionales que puedes leer a continuacion a un bajo costo. Mas informacion en#Newline    		<a href="https://soaint.com/gestion-documental/" target="_blank"><br/><br/>Haz Click Aqui</a>,soaint.aiml
0,GESTIÓN DOCUMENTAL,*,*,Solucion para automatizar la gestion documental en la empresa. Surge de la necesidad de cubrir  las problematicas funcionales que puedes leer a continuacion a un bajo costo. Mas informacion en#Newline    		<a href="https://soaint.com/gestion-documental/" target="_blank"><br/><br/>Haz Click Aqui</a>,soaint.aiml
0,GESTIÓN DOCUMENTAL *,*,*,Solucion para automatizar la gestion documental en la empresa. Surge de la necesidad de cubrir  las problematicas funcionales que puedes leer a continuacion a un bajo costo. Mas informacion en#Newline    		<a href="https://soaint.com/gestion-documental/" target="_blank"><br/><br/>Haz Click Aqui</a>,soaint.aiml
0,_ GESTIÓN DOCUMENTAL *,*,*,Solucion para automatizar la gestion documental en la empresa. Surge de la necesidad de cubrir  las problematicas funcionales que puedes leer a continuacion a un bajo costo. Mas informacion en#Newline    		<a href="https://soaint.com/gestion-documental/" target="_blank"><br/><br/>Haz Click Aqui</a>,soaint.aiml
0,_ GESTIÓN DOCUMENTAL,*,*,Solucion para automatizar la gestion documental en la empresa. Surge de la necesidad de cubrir  las problematicas funcionales que puedes leer a continuacion a un bajo costo. Mas informacion en#Newline    		<a href="https://soaint.com/gestion-documental/" target="_blank"><br/><br/>Haz Click Aqui</a>,soaint.aiml
0,GESTION DOCUMENTAL,*,*,Solucion para automatizar la gestion documental en la empresa. Surge de la necesidad de cubrir  las problematicas funcionales que puedes leer a continuacion a un bajo costo. Mas informacion en#Newline    		<a href="https://soaint.com/gestion-documental/" target="_blank"><br/><br/>Haz Click Aqui</a>,soaint.aiml
0,GESTION DOCUMENTAL *,*,*,Solucion para automatizar la gestion documental en la empresa. Surge de la necesidad de cubrir  las problematicas funcionales que puedes leer a continuacion a un bajo costo. Mas informacion en#Newline    		<a href="https://soaint.com/gestion-documental/" target="_blank"><br/><br/>Haz Click Aqui</a>,soaint.aiml
0,_ GESTION DOCUMENTAL *,*,*,Solucion para automatizar la gestion documental en la empresa. Surge de la necesidad de cubrir  las problematicas funcionales que puedes leer a continuacion a un bajo costo. Mas informacion en#Newline    		<a href="https://soaint.com/gestion-documental/" target="_blank"><br/><br/>Haz Click Aqui</a>,soaint.aiml
0,_ GESTION DOCUMENTAL,*,*,Solucion para automatizar la gestion documental en la empresa. Surge de la necesidad de cubrir  las problematicas funcionales que puedes leer a continuacion a un bajo costo. Mas informacion en#Newline    		<a href="https://soaint.com/gestion-documental/" target="_blank"><br/><br/>Haz Click Aqui</a>,soaint.aiml
0,AGILE,*,*,Nuestra vision es que se nutran las capacidades de TI de las empresas#Comma con una arquitectura que permita combinar sabiamente#Comma los conceptos de API#Comma microservicio y el enfoque tradicional de SOA; direccionando todo ello a la digitalizacion y los nuevos modelos de negocio para las industrias.,soaint.aiml
0,AGILE *,*,*,Nuestra vision es que se nutran las capacidades de TI de las empresas#Comma con una arquitectura que permita combinar sabiamente#Comma los conceptos de API#Comma microservicio y el enfoque tradicional de SOA; direccionando todo ello a la digitalizacion y los nuevos modelos de negocio para las industrias. Mas informacion en#Newline    		<a href="https://soaint.com/agile-integration/" target="_blank"><br/><br/>Haz Click Aqui</a>,soaint.aiml
0,_ AGILE *,*,*,Nuestra vision es que se nutran las capacidades de TI de las empresas#Comma con una arquitectura que permita combinar sabiamente#Comma los conceptos de API#Comma microservicio y el enfoque tradicional de SOA; direccionando todo ello a la digitalizacion y los nuevos modelos de negocio para las industrias. Mas informacion en#Newline    		<a href="https://soaint.com/agile-integration/" target="_blank"><br/><br/>Haz Click Aqui</a>,soaint.aiml
0,_ AGILE,*,*,Nuestra vision es que se nutran las capacidades de TI de las empresas#Comma con una arquitectura que permita combinar sabiamente#Comma los conceptos de API#Comma microservicio y el enfoque tradicional de SOA; direccionando todo ello a la digitalizacion y los nuevos modelos de negocio para las industrias. Mas informacion en#Newline    		<a href="https://soaint.com/agile-integration/" target="_blank"><br/><br/>Haz Click Aqui</a>,soaint.aiml
0,AGILE INTEGRATION,*,*,Nuestra vision es que se nutran las capacidades de TI de las empresas#Comma con una arquitectura que permita combinar sabiamente#Comma los conceptos de API#Comma microservicio y el enfoque tradicional de SOA; direccionando todo ello a la digitalizacion y los nuevos modelos de negocio para las industrias. Mas informacion en#Newline    		<a href="https://soaint.com/agile-integration/" target="_blank"><br/><br/>Haz Click Aqui</a>,soaint.aiml
0,AGILE INTEGRATION *,*,*,Nuestra vision es que se nutran las capacidades de TI de las empresas#Comma con una arquitectura que permita combinar sabiamente#Comma los conceptos de API#Comma microservicio y el enfoque tradicional de SOA; direccionando todo ello a la digitalizacion y los nuevos modelos de negocio para las industrias. Mas informacion en#Newline    		<a href="https://soaint.com/agile-integration/" target="_blank"><br/><br/>Haz Click Aqui</a>,soaint.aiml
0,_ AGILE INTEGRATION *,*,*,Nuestra vision es que se nutran las capacidades de TI de las empresas#Comma con una arquitectura que permita combinar sabiamente#Comma los conceptos de API#Comma microservicio y el enfoque tradicional de SOA; direccionando todo ello a la digitalizacion y los nuevos modelos de negocio para las industrias. Mas informacion en#Newline    		<a href="https://soaint.com/agile-integration/" target="_blank"><br/><br/>Haz Click Aqui</a>,soaint.aiml
0,_ AGILE INTEGRATION,*,*,Nuestra vision es que se nutran las capacidades de TI de las empresas#Comma con una arquitectura que permita combinar sabiamente#Comma los conceptos de API#Comma microservicio y el enfoque tradicional de SOA; direccionando todo ello a la digitalizacion y los nuevos modelos de negocio para las industrias. Mas informacion en#Newline    		<a href="https://soaint.com/agile-integration/" target="_blank"><br/><br/>Haz Click Aqui</a>,soaint.aiml
0,PRECIOS,*,*,Para conocer nuestros precios y tiempos de ejecucion en los proyectos#Comma contacta al analista de mercadeo mediante el siguiente correo. mercadeo-caribe@soaint.com,soaint.aiml
0,PRECIOS *,*,*,Para conocer nuestros precios y tiempos de ejecucion en los proyectos#Comma contacta al analista de mercadeo mediante el siguiente correo. mercadeo-caribe@soaint.com,soaint.aiml
0,_ PRECIOS *,*,*,Para conocer nuestros precios y tiempos de ejecucion en los proyectos#Comma contacta al analista de mercadeo mediante el siguiente correo. mercadeo-caribe@soaint.com,soaint.aiml
0,_ PRECIOS,*,*,Para conocer nuestros precios y tiempos de ejecucion en los proyectos#Comma contacta al analista de mercadeo mediante el siguiente correo. mercadeo-caribe@soaint.com,soaint.aiml
0,TIEMPO,*,*,Para conocer nuestros precios y tiempos de ejecucion en los proyectos#Comma contacta al analista de mercadeo mediante el siguiente correo. mercadeo-caribe@soaint.com,soaint.aiml
0,TIEMPO *,*,*,Para conocer nuestros precios y tiempos de ejecucion en los proyectos#Comma contacta al analista de mercadeo mediante el siguiente correo. mercadeo-caribe@soaint.com,soaint.aiml
0,_ TIEMPO *,*,*,Para conocer nuestros precios y tiempos de ejecucion en los proyectos#Comma contacta al analista de mercadeo mediante el siguiente correo. mercadeo-caribe@soaint.com,soaint.aiml
0,_ TIEMPO,*,*,Para conocer nuestros precios y tiempos de ejecucion en los proyectos#Comma contacta al analista de mercadeo mediante el siguiente correo. mercadeo-caribe@soaint.com,soaint.aiml
0,CORREO,*,*,Para conocer nuestros precios y tiempos de ejecucion en los proyectos#Comma contacta al analista de mercadeo mediante el siguiente correo. mercadeo-caribe@soaint.com,soaint.aiml
0,CORREO *,*,*,Para conocer nuestros precios y tiempos de ejecucion en los proyectos#Comma contacta al analista de mercadeo mediante el siguiente correo. mercadeo-caribe@soaint.com,soaint.aiml
0,_ CORREO *,*,*,Para conocer nuestros precios y tiempos de ejecucion en los proyectos#Comma contacta al analista de mercadeo mediante el siguiente correo. mercadeo-caribe@soaint.com,soaint.aiml
0,_ CORREO,*,*,Para conocer nuestros precios y tiempos de ejecucion en los proyectos#Comma contacta al analista de mercadeo mediante el siguiente correo. mercadeo-caribe@soaint.com,soaint.aiml
0,PROYECTOS,*,*,Para conocer nuestros precios y tiempos de ejecucion en los proyectos#Comma contacta al analista de mercadeo mediante el siguiente correo. mercadeo-caribe@soaint.com,soaint.aiml
0,PROYECTOS *,*,*,Para conocer nuestros precios y tiempos de ejecucion en los proyectos#Comma contacta al analista de mercadeo mediante el siguiente correo. mercadeo-caribe@soaint.com,soaint.aiml
0,_ PROYECTOS *,*,*,Para conocer nuestros precios y tiempos de ejecucion en los proyectos#Comma contacta al analista de mercadeo mediante el siguiente correo. mercadeo-caribe@soaint.com,soaint.aiml
0,_ PROYECTOS,*,*,Para conocer nuestros precios y tiempos de ejecucion en los proyectos#Comma contacta al analista de mercadeo mediante el siguiente correo. mercadeo-caribe@soaint.com,soaint.aiml
0,PROYECTO,*,*,Para conocer nuestros precios y tiempos de ejecucion en los proyectos#Comma contacta al analista de mercadeo mediante el siguiente correo. mercadeo-caribe@soaint.com,soaint.aiml
0,PROYECTO *,*,*,Para conocer nuestros precios y tiempos de ejecucion en los proyectos#Comma contacta al analista de mercadeo mediante el siguiente correo. mercadeo-caribe@soaint.com,soaint.aiml
0,_ PROYECTO *,*,*,Para conocer nuestros precios y tiempos de ejecucion en los proyectos#Comma contacta al analista de mercadeo mediante el siguiente correo. mercadeo-caribe@soaint.com,soaint.aiml
0,_ PROYECTO,*,*,Para conocer nuestros precios y tiempos de ejecucion en los proyectos#Comma contacta al analista de mercadeo mediante el siguiente correo. mercadeo-caribe@soaint.com,soaint.aiml
0,CONTACTO,*,*,Para conocer nuestros precios y tiempos de ejecucion en los proyectos#Comma contacta al analista de mercadeo mediante el siguiente correo. mercadeo-caribe@soaint.com,soaint.aiml
0,CONTACTO *,*,*,Para conocer nuestros precios y tiempos de ejecucion en los proyectos#Comma contacta al analista de mercadeo mediante el siguiente correo. mercadeo-caribe@soaint.com,soaint.aiml
0,_ CONTACTO *,*,*,Para conocer nuestros precios y tiempos de ejecucion en los proyectos#Comma contacta al analista de mercadeo mediante el siguiente correo. mercadeo-caribe@soaint.com,soaint.aiml
0,_ CONTACTO,*,*,Para conocer nuestros precios y tiempos de ejecucion en los proyectos#Comma contacta al analista de mercadeo mediante el siguiente correo. mercadeo-caribe@soaint.com,soaint.aiml
0,CONTACTOS,*,*,Para conocer nuestros precios y tiempos de ejecucion en los proyectos#Comma contacta al analista de mercadeo mediante el siguiente correo. mercadeo-caribe@soaint.com,soaint.aiml
0,CONTACTOS *,*,*,Para conocer nuestros precios y tiempos de ejecucion en los proyectos#Comma contacta al analista de mercadeo mediante el siguiente correo. mercadeo-caribe@soaint.com,soaint.aiml
0,_ CONTACTOS *,*,*,Para conocer nuestros precios y tiempos de ejecucion en los proyectos#Comma contacta al analista de mercadeo mediante el siguiente correo. mercadeo-caribe@soaint.com,soaint.aiml
0,_ CONTACTOS,*,*,Para conocer nuestros precios y tiempos de ejecucion en los proyectos#Comma contacta al analista de mercadeo mediante el siguiente correo. mercadeo-caribe@soaint.com,soaint.aiml
0,CONTACTARLOS,*,*,Para conocer nuestros precios y tiempos de ejecucion en los proyectos#Comma contacta al analista de mercadeo mediante el siguiente correo. mercadeo-caribe@soaint.com,soaint.aiml
0,CONTACTARLOS *,*,*,Para conocer nuestros precios y tiempos de ejecucion en los proyectos#Comma contacta al analista de mercadeo mediante el siguiente correo. mercadeo-caribe@soaint.com,soaint.aiml
0,_ CONTACTARLOS *,*,*,Para conocer nuestros precios y tiempos de ejecucion en los proyectos#Comma contacta al analista de mercadeo mediante el siguiente correo. mercadeo-caribe@soaint.com,soaint.aiml
0,_ CONTACTARLOS,*,*,Para conocer nuestros precios y tiempos de ejecucion en los proyectos#Comma contacta al analista de mercadeo mediante el siguiente correo. mercadeo-caribe@soaint.com,soaint.aiml
0,_ SOAINT *,*,*,SOAINT es tu mejor asesor tecnologico expertos en transformacion digital.,soaint.aiml
0,EFICAZ,*,*,SOAINT establece metas para alcanzar y desarrollar de manera mas efectiva las tareas para conseguir el objetivo deseado. Garantizando la confiabilidad y seguridad del cliente,soaint.aiml
0,EFICAZ *,*,*,SOAINT establece metas para alcanzar y desarrollar de manera mas efectiva las tareas para conseguir el objetivo deseado. Garantizando la confiabilidad y seguridad del cliente,soaint.aiml
0,_ EFICAZ *,*,*,SOAINT establece metas para alcanzar y desarrollar de manera mas efectiva las tareas para conseguir el objetivo deseado. Garantizando la confiabilidad y seguridad del cliente,soaint.aiml
0,_ EFICAZ,*,*,SOAINT establece metas para alcanzar y desarrollar de manera mas efectiva las tareas para conseguir el objetivo deseado. Garantizando la confiabilidad y seguridad del cliente,soaint.aiml
0,PRODUCCION,*,*,SOAINT establece metas para alcanzar y desarrollar de manera mas efectiva las tareas para conseguir el objetivo deseado. Garantizando la confiabilidad y seguridad del cliente,soaint.aiml
0,PRODUCCION *,*,*,SOAINT establece metas para alcanzar y desarrollar de manera mas efectiva las tareas para conseguir el objetivo deseado. Garantizando la confiabilidad y seguridad del cliente,soaint.aiml
0,_ PRODUCCION *,*,*,SOAINT establece metas para alcanzar y desarrollar de manera mas efectiva las tareas para conseguir el objetivo deseado. Garantizando la confiabilidad y seguridad del cliente,soaint.aiml
0,_ PRODUCCION,*,*,SOAINT establece metas para alcanzar y desarrollar de manera mas efectiva las tareas para conseguir el objetivo deseado. Garantizando la confiabilidad y seguridad del cliente,soaint.aiml
0,UBICADOS,*,*,Av Casanova#Comma Torre banco plaza#Comma oficina 8C y 8D. Caracas#Comma Venezuela,soaint.aiml
0,UBICADOS *,*,*,Av Casanova#Comma Torre banco plaza#Comma oficina 8C y 8D. Caracas#Comma Venezuela,soaint.aiml
0,_ UBICADOS *,*,*,Av Casanova#Comma Torre banco plaza#Comma oficina 8C y 8D. Caracas#Comma Venezuela,soaint.aiml
0,_ UBICADOS,*,*,Av Casanova#Comma Torre banco plaza#Comma oficina 8C y 8D. Caracas#Comma Venezuela,soaint.aiml
0,UBICACION,*,*,Av Casanova#Comma Torre banco plaza#Comma oficina 8C y 8D. Caracas#Comma Venezuela,soaint.aiml
0,UBICACION *,*,*,Av Casanova#Comma Torre banco plaza#Comma oficina 8C y 8D. Caracas#Comma Venezuela,soaint.aiml
0,_ UBICACION *,*,*,Av Casanova#Comma Torre banco plaza#Comma oficina 8C y 8D. Caracas#Comma Venezuela,soaint.aiml
0,_ UBICACION,*,*,Av Casanova#Comma Torre banco plaza#Comma oficina 8C y 8D. Caracas#Comma Venezuela,soaint.aiml
0,ENCUENTRAN,*,*,Av Casanova#Comma Torre banco plaza#Comma oficina 8C y 8D. Caracas#Comma Venezuela,soaint.aiml
0,ENCUENTRAN *,*,*,Av Casanova#Comma Torre banco plaza#Comma oficina 8C y 8D. Caracas#Comma Venezuela,soaint.aiml
0,_ ENCUENTRAN *,*,*,Av Casanova#Comma Torre banco plaza#Comma oficina 8C y 8D. Caracas#Comma Venezuela,soaint.aiml
0,_ ENCUENTRAN,*,*,Av Casanova#Comma Torre banco plaza#Comma oficina 8C y 8D. Caracas#Comma Venezuela,soaint.aiml
0,LOCALIZAR,*,*,Av Casanova#Comma Torre banco plaza#Comma oficina 8C y 8D. Caracas#Comma Venezuela,soaint.aiml
0,LOCALIZAR *,*,*,Av Casanova#Comma Torre banco plaza#Comma oficina 8C y 8D. Caracas#Comma Venezuela,soaint.aiml
0,_ LOCALIZAR *,*,*,Av Casanova#Comma Torre banco plaza#Comma oficina 8C y 8D. Caracas#Comma Venezuela,soaint.aiml
0,_ LOCALIZAR,*,*,Av Casanova#Comma Torre banco plaza#Comma oficina 8C y 8D. Caracas#Comma Venezuela,soaint.aiml
0,LOCALIZAN,*,*,Av Casanova#Comma Torre banco plaza#Comma oficina 8C y 8D. Caracas#Comma Venezuela,soaint.aiml
0,LOCALIZAN *,*,*,Av Casanova#Comma Torre banco plaza#Comma oficina 8C y 8D. Caracas#Comma Venezuela,soaint.aiml
0,_ LOCALIZAN *,*,*,Av Casanova#Comma Torre banco plaza#Comma oficina 8C y 8D. Caracas#Comma Venezuela,soaint.aiml
0,_ LOCALIZAN,*,*,Av Casanova#Comma Torre banco plaza#Comma oficina 8C y 8D. Caracas#Comma Venezuela,soaint.aiml
0,OFICINAS,*,*,Av Casanova#Comma Torre banco plaza#Comma oficina 8C y 8D. Caracas#Comma Venezuela,soaint.aiml
0,OFICINAS *,*,*,Av Casanova#Comma Torre banco plaza#Comma oficina 8C y 8D. Caracas#Comma Venezuela,soaint.aiml
0,_ OFICINAS *,*,*,Av Casanova#Comma Torre banco plaza#Comma oficina 8C y 8D. Caracas#Comma Venezuela,soaint.aiml
0,_ OFICINAS,*,*,Av Casanova#Comma Torre banco plaza#Comma oficina 8C y 8D. Caracas#Comma Venezuela,soaint.aiml
0,TELEFONOS,*,*,Av Casanova#Comma Torre banco plaza#Comma oficina 8C y 8D. Caracas#Comma Venezuela,soaint.aiml
0,TELEFONOS *,*,*,Av Casanova#Comma Torre banco plaza#Comma oficina 8C y 8D. Caracas#Comma Venezuela,soaint.aiml
0,_ TELEFONOS,*,*,Av Casanova#Comma Torre banco plaza#Comma oficina 8C y 8D. Caracas#Comma Venezuela,soaint.aiml
0,_ TELEFONOS *,*,*,Av Casanova#Comma Torre banco plaza#Comma oficina 8C y 8D. Caracas#Comma Venezuela,soaint.aiml
0,MISION,*,*,Continuar siendo la empresa lider en las nuevas tendencias tecnologicas orientadas a la modernizacion IT,soaint.aiml
0,MISION *,*,*,Continuar siendo la empresa lider en las nuevas tendencias tecnologicas orientadas a la modernizacion IT,soaint.aiml
0,_ MISION *,*,*,Continuar siendo la empresa lider en las nuevas tendencias tecnologicas orientadas a la modernizacion IT,soaint.aiml
0,_ MISION,*,*,Continuar siendo la empresa lider en las nuevas tendencias tecnologicas orientadas a la modernizacion IT,soaint.aiml
0,VISION,*,*,Convertirse en el referente numero uno (1) en estrategias de modernizacion e innovacion en el ambito de procesos y TI,soaint.aiml
0,VISION *,*,*,Convertirse en el referente numero uno (1) en estrategias de modernizacion e innovacion en el ambito de procesos y TI,soaint.aiml
0,_ VISION *,*,*,Convertirse en el referente numero uno (1) en estrategias de modernizacion e innovacion en el ambito de procesos y TI,soaint.aiml
0,_ VISION,*,*,Convertirse en el referente numero uno (1) en estrategias de modernizacion e innovacion en el ambito de procesos y TI,soaint.aiml
0,CLIENTES,*,*,Contamos con Clientes Internacionales#Comma tales como: Telefonica#Comma BanColombia#Comma Claro#Comma Dian#Comma Bimbo#Comma Canal de Panama#Comma Copa Airlines#Comma Banco de Chile#Comma Reale Seguros#Comma Banco de Credito del Peru,soaint.aiml
0,CLIENTES *,*,*,Contamos con Clientes Internacionales#Comma tales como: Telefonica#Comma BanColombia#Comma Claro#Comma Dian#Comma Bimbo#Comma Canal de Panama#Comma Copa Airlines#Comma Banco de Chile#Comma Reale Seguros#Comma Banco de Credito del Peru,soaint.aiml
0,_ CLIENTES *,*,*,Contamos con Clientes Internacionales#Comma tales como: Telefonica#Comma BanColombia#Comma Claro#Comma Dian#Comma Bimbo#Comma Canal de Panama#Comma Copa Airlines#Comma Banco de Chile#Comma Reale Seguros#Comma Banco de Credito del Peru,soaint.aiml
0,_ CLIENTES,*,*,Contamos con Clientes Internacionales#Comma tales como: Telefonica#Comma BanColombia#Comma Claro#Comma Dian#Comma Bimbo#Comma Canal de Panama#Comma Copa Airlines#Comma Banco de Chile#Comma Reale Seguros#Comma Banco de Credito del Peru,soaint.aiml
0,CLIENTE,*,*,Contamos con Clientes Internacionales#Comma tales como: Telefonica#Comma BanColombia#Comma Claro#Comma Dian#Comma Bimbo#Comma Canal de Panama#Comma Copa Airlines#Comma Banco de Chile#Comma Reale Seguros#Comma Banco de Credito del Peru,soaint.aiml
0,CLIENTE *,*,*,Contamos con Clientes Internacionales#Comma tales como: Telefonica#Comma BanColombia#Comma Claro#Comma Dian#Comma Bimbo#Comma Canal de Panama#Comma Copa Airlines#Comma Banco de Chile#Comma Reale Seguros#Comma Banco de Credito del Peru,soaint.aiml
0,_ CLIENTE *,*,*,Contamos con Clientes Internacionales#Comma tales como: Telefonica#Comma BanColombia#Comma Claro#Comma Dian#Comma Bimbo#Comma Canal de Panama#Comma Copa Airlines#Comma Banco de Chile#Comma Reale Seguros#Comma Banco de Credito del Peru,soaint.aiml
0,_ CLIENTE,*,*,Contamos con Clientes Internacionales#Comma tales como: Telefonica#Comma BanColombia#Comma Claro#Comma Dian#Comma Bimbo#Comma Canal de Panama#Comma Copa Airlines#Comma Banco de Chile#Comma Reale Seguros#Comma Banco de Credito del Peru,soaint.aiml
0,PARTHENER,*,*,Contamos con los siguientes parthener a nivel internacional: Oracle#Comma IBM#Comma Sensegia#Comma Bottomline#Comma Automation AnyWhere#Comma RedHat#Comma Vector#Comma Vass,soaint.aiml
0,PARTHENER *,*,*,Contamos con los siguientes parthener a nivel internacional: Oracle#Comma IBM#Comma Sensegia#Comma Bottomline#Comma Automation AnyWhere#Comma RedHat#Comma Vector#Comma Vass,soaint.aiml
0,_ PARTHENER *,*,*,Contamos con los siguientes parthener a nivel internacional: Oracle#Comma IBM#Comma Sensegia#Comma Bottomline#Comma Automation AnyWhere#Comma RedHat#Comma Vector#Comma Vass,soaint.aiml
0,_ PARTHENER,*,*,Contamos con los siguientes parthener a nivel internacional: Oracle#Comma IBM#Comma Sensegia#Comma Bottomline#Comma Automation AnyWhere#Comma RedHat#Comma Vector#Comma Vass,soaint.aiml
0,TECNOLOGIAS,*,*,Usamos tecnologias#Comma tales como:RPA#Comma SOA#Comma JAVA#Comma Springboot#Comma Angular#Comma Laravel#Comma Micro Servicios#Comma API#Comma DevOps,soaint.aiml
0,_ TECNOLOGIAS *,*,*,Usamos tecnologias#Comma tales como:RPA#Comma SOA#Comma JAVA#Comma Springboot#Comma Angular#Comma Laravel#Comma Micro Servicios#Comma API#Comma DevOps,soaint.aiml
0,_ TECNOLOGIAS,*,*,Usamos tecnologias#Comma tales como:RPA#Comma SOA#Comma JAVA#Comma Springboot#Comma Angular#Comma Laravel#Comma Micro Servicios#Comma API#Comma DevOps,soaint.aiml
0,TECNOLOGIAS *,*,*,Usamos tecnologias#Comma tales como:RPA#Comma SOA#Comma JAVA#Comma Springboot#Comma Angular#Comma Laravel#Comma Micro Servicios#Comma API#Comma DevOps,soaint.aiml
0,_ TECNOLOGIA *,*,*,Usamos tecnologias#Comma tales como:RPA#Comma SOA#Comma JAVA#Comma Springboot#Comma Angular#Comma Laravel#Comma Micro Servicios#Comma API#Comma DevOps,soaint.aiml
0,_ TECNOLOGIA,*,*,Usamos tecnologias#Comma tales como:RPA#Comma SOA#Comma JAVA#Comma Springboot#Comma Angular#Comma Laravel#Comma Micro Servicios#Comma API#Comma DevOps,soaint.aiml
0,TECNOLOGIA *,*,*,Usamos tecnologias#Comma tales como:RPA#Comma SOA#Comma JAVA#Comma Springboot#Comma Angular#Comma Laravel#Comma Micro Servicios#Comma API#Comma DevOps,soaint.aiml
0,TECNOLOGIA,*,*,Usamos tecnologias#Comma tales como:RPA#Comma SOA#Comma JAVA#Comma Springboot#Comma Angular#Comma Laravel#Comma Micro Servicios#Comma API#Comma DevOps,soaint.aiml
0,RPA,*,*,La automatizacion de procesos mediante robots (Robotic Process Automation en ingles) es toda tecnologia orientada al uso de software con el objetivo de disminuir la intervencion humana en el uso de aplicaciones informaticas.,soaint.aiml
0,_ RPA *,*,*,La automatizacion de procesos mediante robots (Robotic Process Automation en ingles) es toda tecnologia orientada al uso de software con el objetivo de disminuir la intervencion humana en el uso de aplicaciones informaticas.,soaint.aiml
0,RPA *,*,*,La automatizacion de procesos mediante robots (Robotic Process Automation en ingles) es toda tecnologia orientada al uso de software con el objetivo de disminuir la intervencion humana en el uso de aplicaciones informaticas.,soaint.aiml
0,_ RPA,*,*,La automatizacion de procesos mediante robots (Robotic Process Automation en ingles) es toda tecnologia orientada al uso de software con el objetivo de disminuir la intervencion humana en el uso de aplicaciones informaticas.,soaint.aiml
0,SOA,*,*,La Arquitectura Orientada a Servicios (SOA en ingles)#Comma es una metodologia que es implementada para definir la utilizacion de varios servicios con el fin de dar soporte a ciertos requisitos del negocio.,soaint.aiml
0,_ SOA *,*,*,La Arquitectura Orientada a Servicios (SOA en ingles)#Comma es una metodologia que es implementada para definir la utilizacion de varios servicios con el fin de dar soporte a ciertos requisitos del negocio.,soaint.aiml
0,_ SOA,*,*,La Arquitectura Orientada a Servicios (SOA en ingles)#Comma es una metodologia que es implementada para definir la utilizacion de varios servicios con el fin de dar soporte a ciertos requisitos del negocio.,soaint.aiml
0,SOA *,*,*,La Arquitectura Orientada a Servicios (SOA en ingles)#Comma es una metodologia que es implementada para definir la utilizacion de varios servicios con el fin de dar soporte a ciertos requisitos del negocio.,soaint.aiml
0,JAVA,*,*,Es un lenguaje de programacion y una plataforma informatica comercializada por primera vez en 1995 por Sun Microsystems. Java es rapido#Comma seguro y fiable.,soaint.aiml
0,_ JAVA *,*,*,Es un lenguaje de programacion y una plataforma informatica comercializada por primera vez en 1995 por Sun Microsystems. Java es rapido#Comma seguro y fiable.,soaint.aiml
0,_ JAVA,*,*,Es un lenguaje de programacion y una plataforma informatica comercializada por primera vez en 1995 por Sun Microsystems. Java es rapido#Comma seguro y fiable.,soaint.aiml
0,JAVA *,*,*,Es un lenguaje de programacion y una plataforma informatica comercializada por primera vez en 1995 por Sun Microsystems. Java es rapido#Comma seguro y fiable.,soaint.aiml
0,SPRINGBOOT,*,*,Spring Boot facilita la creacion de aplicaciones independientes basadas en Spring de grado de produccion que puede "simplemente ejecutar".,soaint.aiml
0,_ SPRINGBOOT *,*,*,Spring Boot facilita la creacion de aplicaciones independientes basadas en Spring de grado de produccion que puede "simplemente ejecutar".,soaint.aiml
0,_ SPRINGBOOT,*,*,Spring Boot facilita la creacion de aplicaciones independientes basadas en Spring de grado de produccion que puede "simplemente ejecutar".,soaint.aiml
0,SPRINGBOOT *,*,*,Spring Boot facilita la creacion de aplicaciones independientes basadas en Spring de grado de produccion que puede "simplemente ejecutar".,soaint.aiml
0,ANGULAR,*,*,Angular es un marco de diseño de aplicaciones y una plataforma de desarrollo para crear aplicaciones eficientes y sofisticadas de una sola pagina.,soaint.aiml
0,_ ANGULAR *,*,*,Angular es un marco de diseño de aplicaciones y una plataforma de desarrollo para crear aplicaciones eficientes y sofisticadas de una sola pagina.,soaint.aiml
0,_ ANGULAR,*,*,Angular es un marco de diseño de aplicaciones y una plataforma de desarrollo para crear aplicaciones eficientes y sofisticadas de una sola pagina.,soaint.aiml
0,ANGULAR *,*,*,Angular es un marco de diseño de aplicaciones y una plataforma de desarrollo para crear aplicaciones eficientes y sofisticadas de una sola pagina.,soaint.aiml
0,LARAVEL,*,*,Laravel es un marco de aplicacion web con sintaxis expresiva y elegante. Ya hemos sentado las bases#Comma liberandote para crear sin sudar las cosas pequeñas.,soaint.aiml
0,_ LARAVEL *,*,*,Laravel es un marco de aplicacion web con sintaxis expresiva y elegante. Ya hemos sentado las bases#Comma liberandote para crear sin sudar las cosas pequeñas.,soaint.aiml
0,_ LARAVEL,*,*,Laravel es un marco de aplicacion web con sintaxis expresiva y elegante. Ya hemos sentado las bases#Comma liberandote para crear sin sudar las cosas pequeñas.,soaint.aiml
0,LARAVEL *,*,*,Laravel es un marco de aplicacion web con sintaxis expresiva y elegante. Ya hemos sentado las bases#Comma liberandote para crear sin sudar las cosas pequeñas.,soaint.aiml
0,MICRO SERVICIOS,*,*,Una “arquitectura de microservicios” es un enfoque para desarrollar una aplicacion software como una serie de pequeños servicios#Comma cada uno ejecutandose de forma autonoma y comunicandose entre si#Comma por ejemplo#Comma a traves de peticiones HTTP a sus API.,soaint.aiml
0,_ MICRO SERVICIOS *,*,*,Una “arquitectura de microservicios” es un enfoque para desarrollar una aplicacion software como una serie de pequeños servicios#Comma cada uno ejecutandose de forma autonoma y comunicandose entre si#Comma por ejemplo#Comma a traves de peticiones HTTP a sus API.,soaint.aiml
0,_ MICRO SERVICIOS,*,*,Una “arquitectura de microservicios” es un enfoque para desarrollar una aplicacion software como una serie de pequeños servicios#Comma cada uno ejecutandose de forma autonoma y comunicandose entre si#Comma por ejemplo#Comma a traves de peticiones HTTP a sus API.,soaint.aiml
0,MICRO SERVICIOS *,*,*,Una “arquitectura de microservicios” es un enfoque para desarrollar una aplicacion software como una serie de pequeños servicios#Comma cada uno ejecutandose de forma autonoma y comunicandose entre si#Comma por ejemplo#Comma a traves de peticiones HTTP a sus API.,soaint.aiml
0,MICRO SERVICIO,*,*,Una “arquitectura de microservicios” es un enfoque para desarrollar una aplicacion software como una serie de pequeños servicios#Comma cada uno ejecutandose de forma autonoma y comunicandose entre si#Comma por ejemplo#Comma a traves de peticiones HTTP a sus API.,soaint.aiml
0,_ MICRO SERVICIO *,*,*,Una “arquitectura de microservicios” es un enfoque para desarrollar una aplicacion software como una serie de pequeños servicios#Comma cada uno ejecutandose de forma autonoma y comunicandose entre si#Comma por ejemplo#Comma a traves de peticiones HTTP a sus API.,soaint.aiml
0,_ MICRO SERVICIO,*,*,Una “arquitectura de microservicios” es un enfoque para desarrollar una aplicacion software como una serie de pequeños servicios#Comma cada uno ejecutandose de forma autonoma y comunicandose entre si#Comma por ejemplo#Comma a traves de peticiones HTTP a sus API.,soaint.aiml
0,MICRO SERVICIO *,*,*,Una “arquitectura de microservicios” es un enfoque para desarrollar una aplicacion software como una serie de pequeños servicios#Comma cada uno ejecutandose de forma autonoma y comunicandose entre si#Comma por ejemplo#Comma a traves de peticiones HTTP a sus API.,soaint.aiml
0,API,*,*,Es un conjunto de definiciones y protocolos que se utiliza para desarrollar e integrar el software de las aplicaciones. API significa interfaz de programacion de aplicaciones (del ingles API: Application Programming Interface).,soaint.aiml
0,_ API *,*,*,Es un conjunto de definiciones y protocolos que se utiliza para desarrollar e integrar el software de las aplicaciones. API significa interfaz de programacion de aplicaciones (del ingles API: Application Programming Interface).,soaint.aiml
0,_ API,*,*,Es un conjunto de definiciones y protocolos que se utiliza para desarrollar e integrar el software de las aplicaciones. API significa interfaz de programacion de aplicaciones (del ingles API: Application Programming Interface).,soaint.aiml
0,API *,*,*,Es un conjunto de definiciones y protocolos que se utiliza para desarrollar e integrar el software de las aplicaciones. API significa interfaz de programacion de aplicaciones (del ingles API: Application Programming Interface).,soaint.aiml
0,DEVOPS,*,*,Describe los enfoques para agilizar los procesos con los que una idea pasa del desarrollo a la implementacion#Comma en un entorno de produccion en que puede generar valor para el usuario.,soaint.aiml
0,_ DEVOPS *,*,*,Describe los enfoques para agilizar los procesos con los que una idea pasa del desarrollo a la implementacion#Comma en un entorno de produccion en que puede generar valor para el usuario.,soaint.aiml
0,_ DEVOPS,*,*,Describe los enfoques para agilizar los procesos con los que una idea pasa del desarrollo a la implementacion#Comma en un entorno de produccion en que puede generar valor para el usuario.,soaint.aiml
0,DEVOPS *,*,*,Describe los enfoques para agilizar los procesos con los que una idea pasa del desarrollo a la implementacion#Comma en un entorno de produccion en que puede generar valor para el usuario.,soaint.aiml
0,SUCURSAL,*,*,Estamos ubicados en Chile; Colombia#Comma Costa Rica #Comma Ecuador; España#Comma México#Comma Panama#Comma República Dominicana y Venezuela. Cuál Sucursal te interesa contactar?,soaint.aiml
0,SUCURSAL *,*,*,Estamos ubicados en Chile; Colombia#Comma Costa Rica #Comma Ecuador; España#Comma México#Comma Panama#Comma República Dominicana y Venezuela. Cuál Sucursal te interesa contactar?,soaint.aiml
0,_ SUCURSAL,*,*,Estamos ubicados en Chile; Colombia#Comma Costa Rica #Comma Ecuador; España#Comma México#Comma Panama#Comma República Dominicana y Venezuela. Cuál Sucursal te interesa contactar?,soaint.aiml
0,_ SUCURSAL *,*,*,Estamos ubicados en Chile; Colombia#Comma Costa Rica #Comma Ecuador; España#Comma México#Comma Panama#Comma República Dominicana y Venezuela. Cuál Sucursal te interesa contactar?,soaint.aiml
0,SUCURSALES,*,*,Estamos ubicados en Chile; Colombia#Comma Costa Rica #Comma Ecuador; España#Comma México#Comma Panama#Comma República Dominicana y Venezuela. Cuál Sucursal te interesa contactar?,soaint.aiml
0,SUCURSALES *,*,*,Estamos ubicados en Chile; Colombia#Comma Costa Rica #Comma Ecuador; España#Comma México#Comma Panama#Comma República Dominicana y Venezuela. Cuál Sucursal te interesa contactar?,soaint.aiml
0,_ SUCURSALES,*,*,Estamos ubicados en Chile; Colombia#Comma Costa Rica #Comma Ecuador; España#Comma México#Comma Panama#Comma República Dominicana y Venezuela. Cuál Sucursal te interesa contactar?,soaint.aiml
0,_ SUCURSALES *,*,*,Estamos ubicados en Chile; Colombia#Comma Costa Rica #Comma Ecuador; España#Comma México#Comma Panama#Comma República Dominicana y Venezuela. Cuál Sucursal te interesa contactar?,soaint.aiml
0,PAIS,*,*,Estamos ubicados en Chile; Colombia#Comma Costa Rica #Comma Ecuador; España#Comma México#Comma Panama#Comma República Dominicana y Venezuela. Cuál Sucursal te interesa contactar?,soaint.aiml
0,PAIS *,*,*,Estamos ubicados en Chile; Colombia#Comma Costa Rica #Comma Ecuador; España#Comma México#Comma Panama#Comma República Dominicana y Venezuela. Cuál Sucursal te interesa contactar?,soaint.aiml
0,_ PAIS,*,*,Estamos ubicados en Chile; Colombia#Comma Costa Rica #Comma Ecuador; España#Comma México#Comma Panama#Comma República Dominicana y Venezuela. Cuál Sucursal te interesa contactar?,soaint.aiml
0,_ PAIS *,*,*,Estamos ubicados en Chile; Colombia#Comma Costa Rica #Comma Ecuador; España#Comma México#Comma Panama#Comma República Dominicana y Venezuela. Cuál Sucursal te interesa contactar?,soaint.aiml
0,PAISES,*,*,Estamos ubicados en Chile; Colombia#Comma Costa Rica #Comma Ecuador; España#Comma México#Comma Panama#Comma República Dominicana y Venezuela. Cuál Sucursal te interesa contactar?,soaint.aiml
0,PAISES *,*,*,Estamos ubicados en Chile; Colombia#Comma Costa Rica #Comma Ecuador; España#Comma México#Comma Panama#Comma República Dominicana y Venezuela. Cuál Sucursal te interesa contactar?,soaint.aiml
0,_ PAISES,*,*,Estamos ubicados en Chile; Colombia#Comma Costa Rica #Comma Ecuador; España#Comma México#Comma Panama#Comma República Dominicana y Venezuela. Cuál Sucursal te interesa contactar?,soaint.aiml
0,_ PAISES *,*,*,Estamos ubicados en Chile; Colombia#Comma Costa Rica #Comma Ecuador; España#Comma México#Comma Panama#Comma República Dominicana y Venezuela. Cuál Sucursal te interesa contactar?,soaint.aiml
0,* PRODUCTOS,*,*,En Soaint podemos ofrecerte apoyo en la parte de Arquitectura Empresarial#Comma Aplicaciones SOAP o REST y toda la parte de customer experience,soaint.aiml
0,_ PRODUCTOS *,*,*,En Soaint podemos ofrecerte apoyo en la parte de Arquitectura Empresarial#Comma Aplicaciones SOAP o REST y toda la parte de customer experience,soaint.aiml
0,PRODUCTOS *,*,*,En Soaint podemos ofrecerte apoyo en la parte de Arquitectura Empresarial#Comma Aplicaciones SOAP o REST y toda la parte de customer experience,soaint.aiml
0,PRODUCTOS,*,*,En Soaint podemos ofrecerte apoyo en la parte de Arquitectura Empresarial#Comma Aplicaciones SOAP o REST y toda la parte de customer experience,soaint.aiml
0,SOAINT,*,*,<random>#Newline                  <li>En Soaint somos una empresa del area tecnologica o como nos gusta presumir#Comma un equipo de personas que a logrado desarrollar soluciones empresariales durante mas de 12 años. Comenzamos con una pequeña oficina en Madrid y un reducido equipo que con mucho esfuerzo ha conseguido internacionalizar la marca teniendo presencia#Comma ademas de en España#Comma en practicamente toda Latino America.</li>#Newline                  <li>Soaint es la empresa lider en Arquitectura empresarial en latinoamerica.</li>#Newline                  <li>Soaint es la empresa de tecnologia con la que quieres hacer negocios#Comma te apoyamos antes#Comma durante y despues en tus procesos de negocio.</li>#Newline                  <li>En Soaint contamos con profesionales de diferentes areas</li>#Newline              </random>,soaint.aiml
0,_ SOAINT,*,*,<random>#Newline                  <li>En Soaint somos una empresa del area tecnologica o como nos gusta presumir#Comma un equipo de personas que a logrado desarrollar soluciones empresariales durante mas de 12 años. Comenzamos con una pequeña oficina en Madrid y un reducido equipo que con mucho esfuerzo ha conseguido internacionalizar la marca teniendo presencia#Comma ademas de en España#Comma en practicamente toda Latino America.</li>#Newline                  <li>Soaint es la empresa lider en Arquitectura empresarial en latinoamerica.</li>#Newline                  <li>Soaint es la empresa de tecnologia con la que quieres hacer negocios#Comma te apoyamos antes#Comma durante y despues en tus procesos de negocio.</li>#Newline                  <li>En Soaint contamos con profesionales de diferentes areas</li>#Newline              </random>,soaint.aiml
0,_ SOAINT /*,*,*,<random>#Newline                  <li>En Soaint somos una empresa del area tecnologica o como nos gusta presumir#Comma un equipo de personas que a logrado desarrollar soluciones empresariales durante mas de 12 años. Comenzamos con una pequeña oficina en Madrid y un reducido equipo que con mucho esfuerzo ha conseguido internacionalizar la marca teniendo presencia#Comma ademas de en España#Comma en practicamente toda Latino America.</li>#Newline                  <li>Soaint es la empresa lider en Arquitectura empresarial en latinoamerica.</li>#Newline                  <li>Soaint es la empresa de tecnologia con la que quieres hacer negocios#Comma te apoyamos antes#Comma durante y despues en tus procesos de negocio.</li>#Newline                  <li>En Soaint contamos con profesionales de diferentes areas</li>#Newline              </random>,soaint.aiml
0,SOAINT *,*,*,<random>#Newline                  <li>En Soaint somos una empresa del area tecnologica o como nos gusta presumir#Comma un equipo de personas que a logrado desarrollar soluciones empresariales durante mas de 12 años. Comenzamos con una pequeña oficina en Madrid y un reducido equipo que con mucho esfuerzo ha conseguido internacionalizar la marca teniendo presencia#Comma ademas de en España#Comma en practicamente toda Latino America.</li>#Newline                  <li>Soaint es la empresa lider en Arquitectura empresarial en latinoamerica.</li>#Newline                  <li>Soaint es la empresa de tecnologia con la que quieres hacer negocios#Comma te apoyamos antes#Comma durante y despues en tus procesos de negocio.</li>#Newline                  <li>En Soaint contamos con profesionales de diferentes areas</li>#Newline              </random>,soaint.aiml
0,CONTACTAR,*,*,Puedes contactarnos por nuestra pagina web #Newline		<a href="https://soaint.com/quienes-somos/#servicios" target="_blank"><br/><br/>Haz Click Aqui</a>,soaint.aiml
0,_ CONTACTAR,*,*,Puedes contactarnos por nuestra pagina web #Newline		<a href="https://soaint.com/quienes-somos/#servicios" target="_blank"><br/><br/>Haz Click Aqui</a>,soaint.aiml
0,_ CONTACTAR *,*,*,Puedes contactarnos por nuestra pagina web #Newline		<a href="https://soaint.com/quienes-somos/#servicios" target="_blank"><br/><br/>Haz Click Aqui</a>,soaint.aiml
0,CONTACTAR *,*,*,Puedes contactarnos por nuestra pagina web #Newline		<a href="https://soaint.com/quienes-somos/#servicios" target="_blank"><br/><br/>Haz Click Aqui</a>,soaint.aiml
0,BPM,*,*,BPM es la abreviatura de Business Process Management que significa Gestion de Procesos de Negocio.  BPM es un enfoque de manejo adaptable#Comma desarrollado con el fin de sistematizar y facilitar los procesos individuales de negocio complejos#Comma dentro y fuera de las empresas#Comma visitanos y encontraras informacion de nuestros servicios #Newline		<a href="https://soaint.com/quienes-somos/#servicios" target="_blank"><br/><br/>Haz Click Aqui</a>,soaint.aiml
0,_ BPM,*,*,BPM es la abreviatura de Business Process Management que significa Gestion de Procesos de Negocio.  BPM es un enfoque de manejo adaptable#Comma desarrollado con el fin de sistematizar y facilitar los procesos individuales de negocio complejos#Comma dentro y fuera de las empresas#Comma visitanos y encontraras informacion de nuestros servicios #Newline		<a href="https://soaint.com/quienes-somos/#servicios" target="_blank"><br/><br/>Haz Click Aqui</a>,soaint.aiml
0,BPM *,*,*,BPM es la abreviatura de Business Process Management que significa Gestion de Procesos de Negocio.  BPM es un enfoque de manejo adaptable#Comma desarrollado con el fin de sistematizar y facilitar los procesos individuales de negocio complejos#Comma dentro y fuera de las empresas#Comma visitanos y encontraras informacion de nuestros servicios #Newline		<a href="https://soaint.com/quienes-somos/#servicios" target="_blank"><br/><br/>Haz Click Aqui</a>,soaint.aiml
0,_ BPM *,*,*,BPM es la abreviatura de Business Process Management que significa Gestion de Procesos de Negocio.  BPM es un enfoque de manejo adaptable#Comma desarrollado con el fin de sistematizar y facilitar los procesos individuales de negocio complejos#Comma dentro y fuera de las empresas#Comma visitanos y encontraras informacion de nuestros servicios #Newline		<a href="https://soaint.com/quienes-somos/#servicios" target="_blank"><br/><br/>Haz Click Aqui</a>,soaint.aiml
0,ORACLE,*,*,En Soaint somos partners de Oracle y podemos brindarle apoyo respecto al uso e implantacion de las tecnologias Oracle#Comma visitanos y encontraras informacion de nuestros servicios #Newline		<a href="https://soaint.com/quienes-somos/#servicios" target="_blank"><br/><br/>Haz Click Aqui</a>,soaint.aiml
0,_ ORACLE,*,*,En Soaint somos partners de Oracle y podemos brindarle apoyo respecto al uso e implantacion de las tecnologias Oracle#Comma visitanos y encontraras informacion de nuestros servicios #Newline		<a href="https://soaint.com/quienes-somos/#servicios" target="_blank"><br/><br/>Haz Click Aqui</a>,soaint.aiml
0,ORACLE *,*,*,En Soaint somos partners de Oracle y podemos brindarle apoyo respecto al uso e implantacion de las tecnologias Oracle#Comma visitanos y encontraras informacion de nuestros servicios #Newline		<a href="https://soaint.com/quienes-somos/#servicios" target="_blank"><br/><br/>Haz Click Aqui</a>,soaint.aiml
0,_ ORACLE *,*,*,En Soaint somos partners de Oracle y podemos brindarle apoyo respecto al uso e implantacion de las tecnologias Oracle#Comma visitanos y encontraras informacion de nuestros servicios #Newline		<a href="https://soaint.com/quienes-somos/#servicios" target="_blank"><br/><br/>Haz Click Aqui</a>,soaint.aiml
0,SOADOC,*,*,SOADOC es una solución Multiplataforma diseñada para lograr una verdadera transformación digital en la Gestión Documental y aumentar la productividad de los procesos de negocio. Construida bajo la Arquitectura Toolbox de SOAINT#Comma se hace escalable a todo nivel de la organización#Comma a partir de la plataforma existente y sostenible en el tiempo#Comma ya que cuenta con versiones soportadas en las principales plataformas de servidor del mercado como Redhat#Comma IBM y Oracle#Comma visitanos y encontraras información de nuestros servicios #Newline		<a href="https://soaint.com/quienes-somos/#servicios" target="_blank"><br/><br/>Haz Click Aqui</a>,soaint.aiml
0,_ SOADOC,*,*,SOADOC es una solución Multiplataforma diseñada para lograr una verdadera transformación digital en la Gestión Documental y aumentar la productividad de los procesos de negocio. Construida bajo la Arquitectura Toolbox de SOAINT#Comma se hace escalable a todo nivel de la organización#Comma a partir de la plataforma existente y sostenible en el tiempo#Comma ya que cuenta con versiones soportadas en las principales plataformas de servidor del mercado como Redhat#Comma IBM y Oracle#Comma visitanos y encontraras información de nuestros servicios #Newline		<a href="https://soaint.com/quienes-somos/#servicios" target="_blank"><br/><br/>Haz Click Aqui</a>,soaint.aiml
0,SOADOC *,*,*,SOADOC es una solución Multiplataforma diseñada para lograr una verdadera transformación digital en la Gestión Documental y aumentar la productividad de los procesos de negocio. Construida bajo la Arquitectura Toolbox de SOAINT#Comma se hace escalable a todo nivel de la organización#Comma a partir de la plataforma existente y sostenible en el tiempo#Comma ya que cuenta con versiones soportadas en las principales plataformas de servidor del mercado como Redhat#Comma IBM y Oracle#Comma visitanos y encontraras información de nuestros servicios #Newline		<a href="https://soaint.com/quienes-somos/#servicios" target="_blank"><br/><br/>Haz Click Aqui</a>,soaint.aiml
0,_ SOADOC *,*,*,SOADOC es una solución Multiplataforma diseñada para lograr una verdadera transformación digital en la Gestión Documental y aumentar la productividad de los procesos de negocio. Construida bajo la Arquitectura Toolbox de SOAINT#Comma se hace escalable a todo nivel de la organización#Comma a partir de la plataforma existente y sostenible en el tiempo#Comma ya que cuenta con versiones soportadas en las principales plataformas de servidor del mercado como Redhat#Comma IBM y Oracle#Comma visitanos y encontraras información de nuestros servicios #Newline		<a href="https://soaint.com/quienes-somos/#servicios" target="_blank"><br/><br/>Haz Click Aqui</a>,soaint.aiml
0,ESB,*,*,En informatica un Bus de Servicio Empresarial (ESB por sus siglas en ingles) es un modelo de arquitectura de software que gestiona la comunicación entre servicios web. Es un componente fundamental de la Arquitectura Orientada a Servicios#Comma visitanos y encontraras información de nuestros servicios #Newline		<a href="https://soaint.com/quienes-somos/#servicios" target="_blank"><br/><br/>Haz Click Aqui</a>,soaint.aiml
0,_ ESB,*,*,En informatica un Bus de Servicio Empresarial (ESB por sus siglas en ingles) es un modelo de arquitectura de software que gestiona la comunicación entre servicios web. Es un componente fundamental de la Arquitectura Orientada a Servicios#Comma visitanos y encontraras información de nuestros servicios #Newline		<a href="https://soaint.com/quienes-somos/#servicios" target="_blank"><br/><br/>Haz Click Aqui</a>,soaint.aiml
0,ESB *,*,*,En informatica un Bus de Servicio Empresarial (ESB por sus siglas en ingles) es un modelo de arquitectura de software que gestiona la comunicación entre servicios web. Es un componente fundamental de la Arquitectura Orientada a Servicios#Comma visitanos y encontraras información de nuestros servicios #Newline		<a href="https://soaint.com/quienes-somos/#servicios" target="_blank"><br/><br/>Haz Click Aqui</a>,soaint.aiml
0,_ ESB *,*,*,En informatica un Bus de Servicio Empresarial (ESB por sus siglas en ingles) es un modelo de arquitectura de software que gestiona la comunicación entre servicios web. Es un componente fundamental de la Arquitectura Orientada a Servicios#Comma visitanos y encontraras información de nuestros servicios #Newline		<a href="https://soaint.com/quienes-somos/#servicios" target="_blank"><br/><br/>Haz Click Aqui</a>,soaint.aiml
0,TRANSFORMACION DIGITAL,*,*,Podriamos decir que la transformación digital es la aplicación de capacidades digitales a procesos#Comma productos y activos para mejorar la eficiencia#Comma mejorar el valor para el cliente#Comma gestionar el riesgo y descubrir nuevas oportunidades de generación de ingresos#Comma visitanos y encontraras información de nuestros servicios #Newline		<a href="https://soaint.com/quienes-somos/#servicios" target="_blank"><br/><br/>Haz Click Aqui</a>,soaint.aiml
0,_ TRANSFORMACION DIGITAL,*,*,Podriamos decir que la transformación digital es la aplicación de capacidades digitales a procesos#Comma productos y activos para mejorar la eficiencia#Comma mejorar el valor para el cliente#Comma gestionar el riesgo y descubrir nuevas oportunidades de generación de ingresos#Comma visitanos y encontraras información de nuestros servicios #Newline		<a href="https://soaint.com/quienes-somos/#servicios" target="_blank"><br/><br/>Haz Click Aqui</a>,soaint.aiml
0,TRANSFORMACION DIGITAL *,*,*,Podriamos decir que la transformación digital es la aplicación de capacidades digitales a procesos#Comma productos y activos para mejorar la eficiencia#Comma mejorar el valor para el cliente#Comma gestionar el riesgo y descubrir nuevas oportunidades de generación de ingresos#Comma visitanos y encontraras información de nuestros servicios #Newline		<a href="https://soaint.com/quienes-somos/#servicios" target="_blank"><br/><br/>Haz Click Aqui</a>,soaint.aiml
0,_ TRANSFORMACION DIGITAL *,*,*,Podriamos decir que la transformación digital es la aplicación de capacidades digitales a procesos#Comma productos y activos para mejorar la eficiencia#Comma mejorar el valor para el cliente#Comma gestionar el riesgo y descubrir nuevas oportunidades de generación de ingresos#Comma visitanos y encontraras información de nuestros servicios #Newline		<a href="https://soaint.com/quienes-somos/#servicios" target="_blank"><br/><br/>Haz Click Aqui</a>,soaint.aiml
